{
  "name": "actividad",
  "plural": "actividades",
  "base": "PersistedModel",
  "idInjection": true,
  "options": {
    "validateUpsert": true
  },
  "properties": {
    "idActividad": {
      "type": "number",
      "required": true
    },
    "trabajo": {
      "type": "string",
      "required": true
    },
    "trayecto": {
      "type": "string",
      "required": true
    },
    "finSemana": {
      "type": [
        "string"
      ],
      "required": true
    },
    "casa": {
      "type": [
        "string"
      ],
      "required": true
    }
  },
  "validations": [],
  "relations": {},
  "acls": [],
  "methods": {}
}
