{
  "name": "evaluacion",
  "plural": "evaluaciones",
  "base": "PersistedModel",
  "idInjection": true,
  "options": {
    "validateUpsert": true
  },
  "properties": {
    "idEvaluacion": {
      "type": "number",
      "required": true
    },
    "estatura": {
      "type": "number",
      "required": true
    },
    "peso": {
      "type": "number",
      "required": true
    },
    "sexo": {
      "type": "string",
      "required": true
    },
    "edad": {
      "type": "number",
      "required": true
    },
    "porcentajeGrasa": {
      "type": "string",
      "required": true
    },
    "complexion": {
      "type": [
        "string"
      ],
      "required": true
    },
    "medidas": {
      "type": [
        "number"
      ],
      "required": true
    }
  },
  "validations": [],
  "relations": {},
  "acls": [],
  "methods": {}
}
