{
  "name": "paciente",
  "plural": "pacientes",
  "base": "PersistedModel",
  "idInjection": true,
  "options": {
    "validateUpsert": true
  },
  "properties": {
    "idPaciente": {
      "type": "number",
      "required": true
    },
    "nombre": {
      "type": "string",
      "required": true
    },
    "apellidoPaterno": {
      "type": "string",
      "required": true
    },
    "apellidoMaterno": {
      "type": "string",
      "required": true
    },
    "ocupacion": {
      "type": "string",
      "required": true
    },
    "deportesPractica": {
      "type": [
        "string"
      ],
      "required": true
    },
    "email": {
      "type": "string",
      "required": true
    },
    "telefono": {
      "type": "number",
      "required": true
    },
    "fechaNacimiento": {
      "type": "date",
      "required": true
    },
    "idEvaluacion": {
      "type": "number",
      "required": true
    },
    "idComidas": {
      "type": "number",
      "required": true
    },
    "idActividad": {
      "type": "number",
      "required": true
    }
  },
  "validations": [],
  "relations": {},
  "acls": [],
  "methods": {}
}
